pref_code,pref_name,station_code,station_name,station_yomi,station_note,station_lat,station_lon
13,"東京都",22481,"相原","あいはら","",35.606921,139.331635
13,"東京都",29398,"青井","あおい","",35.772662,139.820393
13,"東京都",22482,"青砥","あおと","",35.745722,139.856168
13,"東京都",29058,"青海","あおみ","東京都",35.624900,139.781514
13,"東京都",22483,"青物横丁","あおものよこちょう","",35.609345,139.742989
13,"東京都",22484,"青山一丁目","あおやまいっちょうめ","",35.672810,139.724017
13,"東京都",22485,"赤坂","あかさか","東京都",35.672060,139.736404
13,"東京都",22486,"赤坂見附","あかさかみつけ","",35.676893,139.737321
13,"東京都",29618,"赤土小学校前","あかどしょうがっこうまえ","",35.742943,139.769010
13,"東京都",22487,"赤羽","あかばね","",35.777660,139.720957
13,"東京都",22488,"赤羽岩淵","あかばねいわぶち","",35.783436,139.721122
13,"東京都",29341,"赤羽橋","あかばねばし","",35.654896,139.744016
13,"東京都",22489,"秋川","あきがわ","",35.728046,139.286689
13,"東京都",22490,"昭島","あきしま","",35.713549,139.360906
13,"東京都",22491,"秋津","あきつ","",35.778267,139.496808
13,"東京都",22492,"秋葉原","あきはばら","",35.698530,139.773095
13,"東京都",22493,"曙橋","あけぼのばし","",35.692308,139.722571
13,"東京都",22494,"阿佐ケ谷","あさがや","",35.704889,139.636327
13,"東京都",22495,"浅草","あさくさ","",35.710668,139.797647
13,"東京都",29397,"浅草","あさくさ","ＴＸ",35.714613,139.792620
13,"東京都",22496,"浅草橋","あさくさばし","",35.697447,139.785982
13,"東京都",29325,"麻布十番","あざぶじゅうばん","",35.656007,139.737072
13,"東京都",22497,"飛鳥山","あすかやま","",35.750441,139.737623
13,"東京都",29620,"足立小台","あだちおだい","",35.754608,139.770398
13,"東京都",22498,"穴守稲荷","あなもりいなり","",35.550406,139.746464
13,"東京都",22499,"綾瀬","あやせ","",35.762163,139.825171
13,"東京都",22500,"新井薬師前","あらいやくしまえ","",35.715777,139.671907
13,"東京都",29329,"荒川一中前","あらかわいっちゅうまえ","",35.733777,139.787897
13,"東京都",22501,"荒川区役所前","あらかわくやくしょまえ","",35.735166,139.786231
13,"東京都",22502,"荒川車庫前","あらかわしゃこまえ","",35.750997,139.752622
13,"東京都",22503,"荒川七丁目","あらかわななちょうめ","",35.741832,139.784286
13,"東京都",22504,"荒川二丁目","あらかわにちょうめ","",35.738720,139.784564
13,"東京都",22505,"荒川遊園地前","あらかわゆうえんちまえ","",35.750719,139.757899
13,"東京都",29060,"有明","ありあけ","東京都",35.634343,139.793457
13,"東京都",29554,"有明テニスの森","ありあけてにすのもり","",35.639898,139.789013
13,"東京都",22506,"淡路町","あわじちょう","",35.694892,139.767623
13,"東京都",22507,"飯田橋","いいだばし","",35.702113,139.744847
13,"東京都",22508,"井荻","いおぎ","",35.724525,139.614661
13,"東京都",22509,"軍畑","いくさばた","",35.807592,139.207664
13,"東京都",22510,"池上","いけがみ","",35.572043,139.703272
13,"東京都",22511,"池尻大橋","いけじりおおはし","",35.650645,139.684577
13,"東京都",22512,"池ノ上","いけのうえ","",35.660450,139.673132
13,"東京都",22513,"池袋","いけぶくろ","",35.729914,139.711154
13,"東京都",22514,"石川台","いしかわだい","",35.597040,139.685551
13,"東京都",22515,"石神前","いしがみまえ","",35.796733,139.225052
13,"東京都",29235,"泉体育館","いずみたいいくかん","",35.718772,139.419595
13,"東京都",22516,"和泉多摩川","いずみたまがわ","",35.627257,139.573642
13,"東京都",22517,"板橋","いたばし","",35.746024,139.719569
13,"東京都",22518,"板橋区役所前","いたばしくやくしょまえ","",35.751246,139.710264
13,"東京都",22519,"板橋本町","いたばしほんちょう","",35.761050,139.705653
13,"東京都",22520,"市ケ谷","いちがや","",35.691003,139.735598
13,"東京都",22521,"一之江","いちのえ","",35.686006,139.882892
13,"東京都",22522,"稲城","いなぎ","",35.636171,139.500203
13,"東京都",22523,"稲城長沼","いなぎながぬま","",35.644226,139.502703
13,"東京都",22524,"稲荷町","いなりちょう","東京都",35.711362,139.782176
13,"東京都",22525,"井の頭公園","いのかしらこうえん","",35.697499,139.582721
13,"東京都",22526,"入谷","いりや","東京都",35.720306,139.784204
13,"東京都",22527,"岩本町","いわもとちょう","",35.695530,139.775039
13,"東京都",22528,"上野","うえの","",35.713557,139.776788
13,"東京都",29335,"上野御徒町","うえのおかちまち","",35.707946,139.773733
13,"東京都",22529,"上野広小路","うえのひろこうじ","",35.707640,139.773039
13,"東京都",22530,"浮間舟渡","うきまふなど","",35.791213,139.691375
13,"東京都",22531,"鶯谷","うぐいすだに","",35.720306,139.779092
13,"東京都",29334,"牛込神楽坂","うしごめかぐらざか","",35.700724,139.735403
13,"東京都",29333,"牛込柳町","うしごめやなぎちょう","",35.699613,139.725126
13,"東京都",22532,"牛田","うしだ","東京都",35.744387,139.811284
13,"東京都",22533,"牛浜","うしはま","",35.734602,139.333434
13,"東京都",22534,"内幸町","うちさいわいちょう","",35.670172,139.755681
13,"東京都",22535,"鵜の木","うのき","",35.575347,139.680830
13,"東京都",22536,"梅ケ丘","うめがおか","",35.655922,139.653634
13,"東京都",22537,"梅島","うめじま","",35.772579,139.797644
13,"東京都",22538,"梅屋敷","うめやしき","東京都",35.566793,139.728188
13,"東京都",22542,"永福町","えいふくちょう","",35.676224,139.642662
13,"東京都",22543,"江古田","えこだ","",35.737552,139.672823
13,"東京都",22539,"越中島","えっちゅうじま","",35.667951,139.792622
13,"東京都",22544,"江戸川","えどがわ","",35.737723,139.896222
13,"東京都",22545,"江戸川橋","えどがわばし","",35.709251,139.734041
13,"東京都",22546,"荏原中延","えばらなかのぶ","",35.609927,139.711964
13,"東京都",22547,"荏原町","えばらまち","",35.603761,139.707827
13,"東京都",22548,"恵比寿","えびす","",35.646841,139.709297
13,"東京都",29621,"扇大橋","おうぎおおはし","",35.763774,139.770814
13,"東京都",22549,"王子","おうじ","",35.753219,139.737901
13,"東京都",22550,"王子駅前","おうじえきまえ","",35.752941,139.737901
13,"東京都",22551,"王子神谷","おうじかみや","",35.765328,139.735566
13,"東京都",22552,"青梅","おうめ","",35.790290,139.258383
13,"東京都",22553,"青梅街道","おうめかいどう","",35.730605,139.476562
13,"東京都",22554,"大井競馬場前","おおいけいばじょうまえ","",35.595041,139.747101
13,"東京都",22555,"大泉学園","おおいずみがくえん","",35.749522,139.586552
13,"東京都",22556,"大井町","おおいまち","",35.607123,139.734574
13,"東京都",22557,"大岡山","おおおかやま","",35.607511,139.685633
13,"東京都",22558,"大久保","おおくぼ","東京都",35.700724,139.697378
13,"東京都",22559,"大崎","おおさき","",35.619899,139.728185
13,"東京都",22560,"大崎広小路","おおさきひろこうじ","",35.622677,139.722741
13,"東京都",22561,"大島","おおじま","東京都",35.689894,139.835673
13,"東京都",22562,"大塚","おおつか","東京都",35.731775,139.728124
13,"東京都",22563,"大塚駅前","おおつかえきまえ","",35.731637,139.729347
13,"東京都",29296,"大塚・帝京大学","おおつかていきょうだいがく","",35.636837,139.416544
13,"東京都",22564,"大手町","おおてまち","東京都",35.685726,139.764291
13,"東京都",22565,"大鳥居","おおとりい","",35.552407,139.739993
13,"東京都",22566,"大森","おおもり","東京都",35.588375,139.727936
13,"東京都",22567,"大森海岸","おおもりかいがん","",35.587681,139.735464
13,"東京都",22568,"大森町","おおもりまち","",35.572571,139.732103
13,"東京都",22569,"大山","おおやま","東京都",35.748440,139.702681
13,"東京都",22570,"御徒町","おかちまち","",35.707391,139.774844
13,"東京都",22571,"小川","おがわ","東京都",35.737493,139.463562
13,"東京都",22572,"小川町","おがわまち","東京都",35.695225,139.767150
13,"東京都",22573,"荻窪","おぎくぼ","",35.704611,139.619968
13,"東京都",22574,"尾久","おく","",35.746774,139.753844
13,"東京都",22575,"奥沢","おくさわ","",35.603844,139.671968
13,"東京都",22576,"奥多摩","おくたま","",35.809174,139.096701
13,"東京都",22577,"小作","おざく","",35.776291,139.301935
13,"東京都",22578,"押上","おしあげ","",35.710613,139.813313
13,"東京都",22579,"小台","おだい","",35.750442,139.761592
13,"東京都",29054,"お台場海浜公園","おだいばかいひんこうえん","",35.629899,139.778736
13,"東京都",22580,"小田急多摩センター","おだきゅうたませんたー","",35.625060,139.424599
13,"東京都",22581,"小田急永山","おだきゅうながやま","",35.629810,139.448235
13,"東京都",22583,"落合","おちあい","東京都",35.710722,139.686073
13,"東京都",29215,"落合南長崎","おちあいみなみながさき","",35.722943,139.683740
13,"東京都",22582,"御茶ノ水","おちゃのみず","",35.699835,139.763790
13,"東京都",22584,"御成門","おなりもん","",35.661007,139.751403
13,"東京都",22585,"お花茶屋","おはなぢゃや","",35.747582,139.840225
13,"東京都",22586,"小村井","おむらい","",35.710113,139.828034
13,"東京都",22587,"面影橋","おもかげばし","",35.712945,139.714293
13,"東京都",22588,"表参道","おもてさんどう","",35.665450,139.712074
13,"東京都",22589,"尾山台","おやまだい","",35.606871,139.654081
13,"東京都",22590,"御嶽山","おんたけさん","",35.585263,139.682413
13,"東京都",22591,"神楽坂","かぐらざか","",35.703807,139.734681
13,"東京都",22592,"葛西","かさい","",35.663591,139.872143
13,"東京都",22593,"葛西臨海公園","かさいりんかいこうえん","",35.644399,139.861617
13,"東京都",22594,"梶原","かじわら","",35.750997,139.747900
13,"東京都",22595,"春日","かすが","東京都",35.708779,139.753179
13,"東京都",22596,"霞ケ関","かすみがせき","東京都",35.673505,139.751792
13,"東京都",22597,"片倉","かたくら","",35.639695,139.341438
13,"東京都",29339,"勝どき","かちどき","",35.659341,139.777624
13,"東京都",22598,"金町","かなまち","東京都",35.769525,139.870277
13,"東京都",22599,"要町","かなめちょう","",35.733137,139.698265
13,"東京都",22600,"鐘ケ淵","かねがふち","",35.733416,139.820005
13,"東京都",22601,"河辺","かべ","",35.784540,139.284798
13,"東京都",22602,"蒲田","かまた","",35.562155,139.715550
13,"東京都",22603,"上井草","かみいぐさ","",35.725107,139.603579
13,"東京都",22604,"上板橋","かみいたばし","",35.763494,139.676433
13,"東京都",22605,"上北沢","かみきたざわ","",35.668837,139.623497
13,"東京都",29232,"上北台","かみきただい","",35.745714,139.415844
13,"東京都",22606,"上石神井","かみしゃくじい","",35.726218,139.592081
13,"東京都",22607,"上中里","かみなかざと","",35.746580,139.746955
13,"東京都",22608,"上野毛","かみのげ","",35.612009,139.638859
13,"東京都",22609,"上町","かみまち","",35.643395,139.646635
13,"東京都",22610,"神谷町","かみやちょう","",35.662616,139.745015
13,"東京都",22611,"亀有","かめあり","",35.766552,139.847474
13,"東京都",22612,"亀戸","かめいど","",35.697587,139.826090
13,"東京都",22613,"亀戸水神","かめいどすいじん","",35.700281,139.833700
13,"東京都",22614,"茅場町","かやばちょう","",35.679921,139.780066
13,"東京都",22615,"唐木田","からきだ","",35.615838,139.411129
13,"東京都",22616,"川井","かわい","",35.813824,139.164028
13,"東京都",22617,"神田","かんだ","東京都",35.692948,139.770956
13,"東京都",22618,"外苑前","がいえんまえ","",35.670311,139.717656
13,"東京都",22619,"学芸大学","がくげいだいがく","",35.628842,139.685299
13,"東京都",22620,"学習院下","がくしゅういんした","",35.716278,139.712349
13,"東京都",22624,"菊川","きくかわ","東京都",35.688337,139.806093
13,"東京都",22625,"鬼子母神前","きしぼじんまえ","",35.720166,139.714849
13,"東京都",22626,"北赤羽","きたあかばね","",35.786687,139.706207
13,"東京都",22627,"北綾瀬","きたあやせ","",35.776968,139.832086
13,"東京都",22628,"北池袋","きたいけぶくろ","",35.741275,139.716764
13,"東京都",29637,"北参道","きたさんどう","",35.678504,139.705407
13,"東京都",22629,"北品川","きたしながわ","",35.622482,139.739378
13,"東京都",22630,"北千住","きたせんじゅ","",35.749609,139.805118
13,"東京都",22631,"北千束","きたせんぞく","",35.606316,139.693216
13,"東京都",22633,"北野","きたの","東京都",35.644417,139.354660
13,"東京都",22634,"北八王子","きたはちおうじ","",35.669332,139.363491
13,"東京都",22635,"北府中","きたふちゅう","",35.680777,139.471815
13,"東京都",22636,"喜多見","きたみ","",35.636673,139.587112
13,"東京都",22637,"吉祥寺","きちじょうじ","",35.702944,139.579861
13,"東京都",22638,"木場","きば","東京都",35.669367,139.806760
13,"東京都",22621,"競艇場前","きょうていじょうまえ","",35.656169,139.499592
13,"東京都",22622,"経堂","きょうどう","",35.651310,139.636441
13,"東京都",22623,"京橋","きょうばし","東京都",35.676810,139.770124
13,"東京都",29338,"清澄白河","きよすみしらかわ","",35.682116,139.798732
13,"東京都",22639,"清瀬","きよせ","",35.772102,139.519918
13,"東京都",29736,"清滝","きよたき","",35.631084,139.266834
13,"東京都",22640,"錦糸町","きんしちょう","",35.696421,139.813952
13,"東京都",22641,"銀座","ぎんざ","",35.672117,139.764569
13,"東京都",22642,"銀座一丁目","ぎんざいっちょうめ","",35.674560,139.766679
13,"東京都",22643,"久が原","くがはら","",35.579819,139.685357
13,"東京都",22644,"久我山","くがやま","",35.687778,139.599721
13,"東京都",22645,"九段下","くだんした","",35.695474,139.751485
13,"東京都",22646,"国立","くにたち","",35.699135,139.446400
13,"東京都",22647,"九品仏","くほんぶつ","",35.605399,139.661025
13,"東京都",22648,"熊川","くまがわ","",35.728436,139.335407
13,"東京都",22649,"熊野前","くまのまえ","",35.749053,139.769565
13,"東京都",29619,"熊野前","くまのまえ","舎人ライナー",35.748498,139.769843
13,"東京都",22650,"久米川","くめがわ","",35.750020,139.472006
13,"東京都",22651,"蔵前","くらまえ","",35.704475,139.792065
13,"東京都",22653,"京王片倉","けいおうかたくら","",35.644362,139.337355
13,"東京都",22654,"京王多摩川","けいおうたまがわ","",35.644782,139.537061
13,"東京都",22655,"京王多摩センター","けいおうたませんたー","",35.625171,139.424322
13,"東京都",22656,"京王永山","けいおうながやま","",35.630310,139.448264
13,"東京都",22657,"京王八王子","けいおうはちおうじ","",35.658222,139.342938
13,"東京都",22658,"京王堀之内","けいおうほりのうち","",35.624448,139.400323
13,"東京都",22659,"京王よみうりランド","けいおうよみうりらんど","",35.632866,139.516785
13,"東京都",22660,"京急蒲田","けいきゅうかまた","",35.560794,139.723771
13,"東京都",22661,"京成上野","けいせいうえの","",35.711196,139.773427
13,"東京都",22662,"京成金町","けいせいかなまち","",35.768469,139.870500
13,"東京都",22663,"京成小岩","けいせいこいわ","",35.742055,139.883888
13,"東京都",22664,"京成関屋","けいせいせきや","",35.743998,139.811561
13,"東京都",22665,"京成高砂","けいせいたかさご","",35.750943,139.866945
13,"東京都",22666,"京成立石","けいせいたていし","",35.738278,139.848614
13,"東京都",22667,"京成曳舟","けいせいひきふね","",35.718029,139.819645
13,"東京都",22669,"恋ケ窪","こいがくぼ","",35.710940,139.464175
13,"東京都",22670,"小岩","こいわ","",35.732946,139.881695
13,"東京都",22671,"高円寺","こうえんじ","",35.705333,139.649826
13,"東京都",29300,"甲州街道","こうしゅうかいどう","",35.678221,139.409320
13,"東京都",22672,"庚申塚","こうしんづか","",35.739609,139.729846
13,"東京都",22673,"麹町","こうじまち","",35.684781,139.737459
13,"東京都",22674,"糀谷","こうじや","",35.554490,139.729633
13,"東京都",29623,"江北","こうほく","",35.773773,139.770397
13,"東京都",29622,"高野","こうや","東京都",35.768495,139.770675
13,"東京都",22675,"後楽園","こうらくえん","",35.707390,139.751791
13,"東京都",29072,"国際展示場","こくさいてんじじょう","",35.635065,139.792290
13,"東京都",29059,"国際展示場正門","こくさいてんじじょうせいもん","",35.630177,139.791513
13,"東京都",22676,"国分寺","こくぶんじ","",35.700247,139.480257
13,"東京都",29321,"国立競技場","こくりつきょうぎじょう","",35.679893,139.714295
13,"東京都",22677,"国領","こくりょう","",35.650253,139.558615
13,"東京都",22678,"小菅","こすげ","",35.758941,139.812866
13,"東京都",22679,"小竹向原","こたけむかいはら","",35.743329,139.679489
13,"東京都",22680,"小平","こだいら","",35.737105,139.488200
13,"東京都",22668,"国会議事堂前","こっかいぎじどうまえ","",35.674338,139.744848
13,"東京都",22681,"小伝馬町","こでんまちょう","",35.690309,139.778789
13,"東京都",22682,"狛江","こまえ","",35.632145,139.577419
13,"東京都",22683,"駒込","こまごめ","",35.736470,139.746872
13,"東京都",22684,"駒沢大学","こまざわだいがく","",35.633508,139.661801
13,"東京都",22685,"駒場東大前","こまばとうだいまえ","",35.658645,139.684493
13,"東京都",22686,"小宮","こみや","",35.685469,139.368795
13,"東京都",22687,"古里","こり","東京都",35.816257,139.152113
13,"東京都",22688,"是政","これまさ","",35.656307,139.488786
13,"東京都",22689,"豪徳寺","ごうとくじ","",35.653672,139.647523
13,"東京都",22690,"護国寺","ごこくじ","",35.719166,139.727319
13,"東京都",22691,"五反田","ごたんだ","",35.626288,139.724297
13,"東京都",22692,"五反野","ごたんの","",35.766079,139.809310
13,"東京都",22693,"栄町","さかえちょう","東京都",35.750997,139.742345
13,"東京都",22694,"鷺ノ宮","さぎのみや","",35.722608,139.638938
13,"東京都",29233,"桜街道","さくらかいどう","",35.738770,139.416678
13,"東京都",22695,"桜新町","さくらしんまち","",35.631674,139.645219
13,"東京都",22696,"桜上水","さくらじょうすい","",35.667559,139.631913
13,"東京都",22697,"桜台","さくらだい","東京都",35.738691,139.662379
13,"東京都",22698,"桜田門","さくらだもん","",35.677421,139.752097
13,"東京都",22699,"笹塚","ささづか","",35.673670,139.667326
13,"東京都",22700,"鮫洲","さめず","",35.605123,139.742546
13,"東京都",22701,"沢井","さわい","",35.805786,139.194055
13,"東京都",22702,"参宮橋","さんぐうばし","",35.678698,139.693574
13,"東京都",22703,"三軒茶屋","さんげんぢゃや","",35.643507,139.671022
13,"東京都",22707,"椎名町","しいなまち","",35.726442,139.695016
13,"東京都",29438,"汐留","しおどめ","",35.662951,139.760125
13,"東京都",22708,"潮見","しおみ","",35.658702,139.817370
13,"東京都",29555,"市場前","しじょうまえ","",35.645731,139.785679
13,"東京都",22709,"品川","しながわ","",35.628510,139.738740
13,"東京都",29439,"品川シーサイド","しながわしーさいど","",35.609623,139.749851
13,"東京都",22710,"信濃町","しなのまち","",35.680087,139.720238
13,"東京都",22711,"篠崎","しのざき","",35.706087,139.903750
13,"東京都",29071,"東雲","しののめ","東京都",35.640732,139.804012
13,"東京都",29053,"芝浦ふ頭","しばうらふとう","",35.642314,139.757848
13,"東京都",22712,"芝公園","しばこうえん","",35.653451,139.749737
13,"東京都",22713,"柴崎","しばさき","",35.654170,139.566835
13,"東京都",29301,"柴崎体育館","しばさきたいいくかん","",35.689803,139.409320
13,"東京都",22714,"柴又","しばまた","",35.756665,139.875500
13,"東京都",22715,"渋谷","しぶや","",35.658506,139.701797
13,"東京都",22716,"志村坂上","しむらさかうえ","",35.776298,139.694875
13,"東京都",22717,"志村三丁目","しむらさんちょうめ","",35.777521,139.686264
13,"東京都",22718,"志茂","しも","",35.777826,139.732788
13,"東京都",22719,"下赤塚","しもあかつか","",35.770520,139.644574
13,"東京都",22720,"下井草","しもいぐさ","",35.723941,139.624328
13,"東京都",22721,"下板橋","しもいたばし","",35.745663,139.714875
13,"東京都",22722,"下落合","しもおちあい","",35.715833,139.695155
13,"東京都",22723,"下北沢","しもきたざわ","",35.661310,139.667494
13,"東京都",22724,"下神明","しもしんめい","",35.608817,139.726324
13,"東京都",22725,"下高井戸","しもたかいど","",35.666143,139.641385
13,"東京都",22726,"下丸子","しもまるこ","",35.571154,139.685774
13,"東京都",22704,"石神井公園","しゃくじいこうえん","",35.743745,139.606107
13,"東京都",22705,"松陰神社前","しょういんじんじゃまえ","",35.643979,139.655274
13,"東京都",22706,"昭和島","しょうわじま","",35.570461,139.749853
13,"東京都",22632,"白糸台","しらいとだい","",35.666474,139.509868
13,"東京都",29326,"白金高輪","しろかねたかなわ","",35.642675,139.734017
13,"東京都",29327,"白金台","しろかねだい","",35.637953,139.726240
13,"東京都",22727,"白丸","しろまる","東京都",35.811813,139.114782
13,"東京都",22728,"新秋津","しんあきつ","",35.777850,139.493392
13,"東京都",22729,"新板橋","しんいたばし","",35.748801,139.719486
13,"東京都",29216,"新江古田","しんえごた","",35.732664,139.670130
13,"東京都",22730,"新大久保","しんおおくぼ","",35.701028,139.700211
13,"東京都",22731,"新大塚","しんおおつか","",35.726110,139.729402
13,"東京都",29336,"新御徒町","しんおかちまち","",35.706836,139.783177
13,"東京都",22732,"新御茶ノ水","しんおちゃのみず","",35.696892,139.765401
13,"東京都",22733,"新木場","しんきば","",35.646148,139.827425
13,"東京都",22734,"新小岩","しんこいわ","",35.716779,139.858281
13,"東京都",22735,"新高円寺","しんこうえんじ","",35.697750,139.648299
13,"東京都",22736,"新庚申塚","しんこうしんづか","",35.741553,139.730680
13,"東京都",22737,"新小金井","しんこがねい","",35.695693,139.526281
13,"東京都",22738,"新小平","しんこだいら","",35.730799,139.470506
13,"東京都",22739,"新桜台","しんさくらだい","",35.741330,139.669018
13,"東京都",22740,"新柴又","しんしばまた","",35.751359,139.880333
13,"東京都",22741,"新宿","しんじゅく","",35.690725,139.699851
13,"東京都",29342,"新宿","しんじゅく","東京メトロ",35.692391,139.700962
13,"東京都",22742,"新宿御苑前","しんじゅくぎょえんまえ","",35.688475,139.710989
13,"東京都",22743,"新宿三丁目","しんじゅくさんちょうめ","",35.690447,139.705129
13,"東京都",29330,"新宿西口","しんじゅくにしぐち","",35.693780,139.699018
13,"東京都",22744,"新整備場","しんせいびじょう","",35.542797,139.787323
13,"東京都",22745,"神泉","しんせん","",35.657228,139.693659
13,"東京都",22746,"新高島平","しんたかしまだいら","",35.790046,139.654516
13,"東京都",22747,"新代田","しんだいた","",35.662588,139.660522
13,"東京都",22748,"新富町","しんとみちょう","東京都",35.670672,139.773568
13,"東京都",29556,"新豊洲","しんとよす","",35.648786,139.790123
13,"東京都",22749,"新中野","しんなかの","",35.697445,139.669492
13,"東京都",22750,"新日本橋","しんにほんばし","",35.688921,139.774012
13,"東京都",22751,"新橋","しんばし","",35.666562,139.758181
13,"東京都",22752,"新馬場","しんばんば","",35.617594,139.741379
13,"東京都",22753,"新三河島","しんみかわしま","",35.737221,139.774037
13,"東京都",22754,"十条","じゅうじょう","東京都",35.760551,139.722179
13,"東京都",22755,"自由が丘","じゆうがおか","",35.607566,139.669080
13,"東京都",22756,"神保町","じんぼうちょう","",35.695725,139.757902
13,"東京都",22757,"水天宮前","すいてんぐうまえ","",35.683754,139.784567
13,"東京都",22758,"水道橋","すいどうばし","",35.702057,139.754512
13,"東京都",22759,"末広町","すえひろちょう","東京都",35.702724,139.771789
13,"東京都",22760,"巣鴨","すがも","",35.733470,139.739346
13,"東京都",22761,"巣鴨新田","すがもしんでん","",35.735192,139.727735
13,"東京都",22762,"すずかけ台","すずかけだい","",35.516933,139.481488
13,"東京都",29234,"砂川七番","すながわななばん","",35.723216,139.418178
13,"東京都",22763,"住吉","すみよし","東京都",35.688782,139.815591
13,"東京都",22764,"成城学園前","せいじょうがくえんまえ","",35.640173,139.598945
13,"東京都",22765,"聖蹟桜ケ丘","せいせきさくらがおか","",35.650752,139.447040
13,"東京都",22766,"整備場","せいびじょう","",35.555017,139.753519
13,"東京都",22767,"西武園","せいぶえん","",35.768045,139.448701
13,"東京都",22768,"西武新宿","せいぶしんじゅく","",35.695335,139.700017
13,"東京都",22769,"西武立川","せいぶたちかわ","",35.726271,139.370515
13,"東京都",22770,"西武柳沢","せいぶやぎさわ","",35.728635,139.552611
13,"東京都",22771,"西武遊園地","せいぶゆうえんち","",35.765962,139.442647
13,"東京都",22772,"世田谷","せたがや","",35.643423,139.650634
13,"東京都",22773,"世田谷代田","せたがやだいた","",35.658171,139.661245
13,"東京都",22774,"千川","せんかわ","",35.738191,139.689321
13,"東京都",22775,"泉岳寺","せんがくじ","",35.638231,139.739850
13,"東京都",22776,"仙川","せんがわ","",35.662309,139.584917
13,"東京都",22777,"千石","せんごく","",35.727999,139.744707
13,"東京都",22778,"千住大橋","せんじゅおおはし","",35.742388,139.796673
13,"東京都",22779,"洗足","せんぞく","",35.610427,139.694382
13,"東京都",22780,"洗足池","せんぞくいけ","",35.599928,139.691411
13,"東京都",22781,"千駄ケ谷","せんだがや","",35.681198,139.711489
13,"東京都",22782,"千駄木","せんだぎ","",35.725666,139.763260
13,"東京都",22783,"祖師ケ谷大蔵","そしがやおおくら","",35.643200,139.609305
13,"東京都",29635,"雑司が谷","ぞうしがや","",35.720444,139.714849
13,"東京都",22785,"雑色","ぞうしき","",35.549684,139.714967
13,"東京都",22786,"高井戸","たかいど","",35.683306,139.615025
13,"東京都",22787,"高尾","たかお","東京都",35.642194,139.281776
13,"東京都",29737,"高尾山","たかおさん","",35.631084,139.256084
13,"東京都",22788,"高尾山口","たかおさんぐち","",35.632223,139.269945
13,"東京都",22789,"高島平","たかしまだいら","",35.788824,139.661321
13,"東京都",22790,"高田馬場","たかだのばば","",35.713333,139.704294
13,"東京都",22791,"高輪台","たかなわだい","",35.631342,139.730073
13,"東京都",22792,"鷹の台","たかのだい","",35.723411,139.461063
13,"東京都",22793,"高幡不動","たかはたふどう","",35.661834,139.414321
13,"東京都",29237,"高松","たかまつ","東京都",35.709884,139.413207
13,"東京都",22794,"宝町","たからちょう","東京都",35.675644,139.772068
13,"東京都",22795,"滝野川一丁目","たきのがわいっちょうめ","",35.747108,139.735401
13,"東京都",29738,"滝本","たきもと","",35.796064,139.161280
13,"東京都",29051,"竹芝","たけしば","",35.654174,139.761903
13,"東京都",22796,"竹ノ塚","たけのつか","",35.794492,139.790811
13,"東京都",22797,"竹橋","たけばし","",35.690448,139.757457
13,"東京都",22798,"立会川","たちあいがわ","",35.598374,139.738796
13,"東京都",22799,"立川","たちかわ","",35.698024,139.413930
13,"東京都",29238,"立川北","たちかわきた","",35.699469,139.412514
13,"東京都",29302,"立川南","たちかわみなみ","",35.696275,139.412653
13,"東京都",29236,"立飛","たちひ","",35.714328,139.417096
13,"東京都",22800,"辰巳","たつみ","",35.645593,139.810539
13,"東京都",22801,"田無","たなし","",35.727356,139.539251
13,"東京都",22802,"田端","たばた","",35.738109,139.760733
13,"東京都",22809,"多磨","たま","",35.677251,139.517200
13,"東京都",22803,"多摩川","たまがわ","",35.589763,139.668858
13,"東京都",22804,"玉川学園前","たまがわがくえんまえ","",35.563317,139.463349
13,"東京都",22805,"玉川上水","たまがわじょうすい","",35.731937,139.418261
13,"東京都",22806,"多摩境","たまさかい","",35.601839,139.366966
13,"東京都",29294,"多摩センター","たませんたー","",35.623783,139.422933
13,"東京都",22807,"田町","たまち","東京都",35.645730,139.747544
13,"東京都",22808,"多摩動物公園","たまどうぶつこうえん","",35.649057,139.404516
13,"東京都",22810,"多磨霊園","たまれいえん","",35.666084,139.503118
13,"東京都",29194,"溜池山王","ためいけさんのう","",35.671839,139.741238
13,"東京都",22811,"田原町","たわらまち","東京都",35.709918,139.790398
13,"東京都",22812,"代官山","だいかんやま","",35.648090,139.703186
13,"東京都",22813,"大師前","だいしまえ","",35.778855,139.781507
13,"東京都",22814,"代田橋","だいたばし","",35.670947,139.658827
13,"東京都",29055,"台場","だいば","",35.626011,139.771515
13,"東京都",22815,"大門","だいもん","東京都",35.656645,139.754626
13,"東京都",22540,"地下鉄赤塚","ちかてつあかつか","",35.769770,139.644101
13,"東京都",22541,"地下鉄成増","ちかてつなります","",35.776548,139.631547
13,"東京都",22817,"千歳烏山","ちとせからすやま","",35.668197,139.601138
13,"東京都",22818,"千歳船橋","ちとせふなばし","",35.647338,139.624082
13,"東京都",22819,"千鳥町","ちどりちょう","",35.572959,139.691524
13,"東京都",29297,"中央大学・明星大学","ちゅうおうだいがくめいせいだいがく","",35.642114,139.408211
13,"東京都",22816,"調布","ちょうふ","",35.651864,139.544421
13,"東京都",22820,"月島","つきしま","",35.664479,139.784568
13,"東京都",22821,"築地","つきじ","",35.667894,139.772373
13,"東京都",29340,"築地市場","つきじしじょう","",35.664895,139.766791
13,"東京都",22822,"つくし野","つくしの","",35.527599,139.485126
13,"東京都",22823,"つつじケ丘","つつじがおか","",35.658114,139.575223
13,"東京都",22824,"鶴川","つるかわ","",35.583121,139.480929
13,"東京都",29057,"テレコムセンター","てれこむせんたー","",35.617678,139.779570
13,"東京都",22910,"天空橋","てんくうばし","",35.548184,139.754186
13,"東京都",22825,"天王洲アイル","てんのうずあいる","",35.621844,139.750961
13,"東京都",22826,"田園調布","でんえんちょうふ","",35.596872,139.667330
13,"東京都",22828,"東京","とうきょう","",35.681310,139.767234
13,"東京都",22859,"とうきょうスカイツリー","とうきょうすかいつりー","",35.710335,139.809063
13,"東京都",29073,"東京テレポート","とうきょうてれぽーと","",35.627427,139.778125
13,"東京都",29075,"東大前","とうだいまえ","",35.717000,139.758289
13,"東京都",22829,"東武練馬","とうぶねりま","",35.768604,139.661878
13,"東京都",22830,"東陽町","とうようちょう","",35.669618,139.817731
13,"東京都",22831,"ときわ台","ときわだい","東京都",35.758661,139.689682
13,"東京都",22832,"戸越","とごし","",35.614316,139.716186
13,"東京都",22833,"戸越銀座","とごしぎんざ","",35.615983,139.714964
13,"東京都",22834,"戸越公園","とごしこうえん","",35.608789,139.718075
13,"東京都",22835,"豊島園","としまえん","西武線",35.741940,139.647936
13,"東京都",22836,"豊島園","としまえん","都営線",35.742134,139.649102
13,"東京都",29213,"都庁前","とちょうまえ","",35.690447,139.691519
13,"東京都",22784,"都電雑司ケ谷","とでんぞうしがや","",35.724333,139.717986
13,"東京都",22837,"等々力","とどろき","",35.608454,139.647498
13,"東京都",29627,"舎人","とねり","",35.805714,139.770118
13,"東京都",29626,"舎人公園","とねりこうえん","",35.796826,139.770118
13,"東京都",22838,"飛田給","とびたきゅう","",35.660196,139.523311
13,"東京都",22839,"豊洲","とよす","",35.655479,139.795595
13,"東京都",22840,"豊田","とよだ","",35.659500,139.381489
13,"東京都",22841,"虎ノ門","とらのもん","",35.670172,139.750098
13,"東京都",22842,"都立家政","とりつかせい","",35.722331,139.644604
13,"東京都",22843,"都立大学","とりつだいがく","",35.617815,139.676467
13,"東京都",22844,"中井","なかい","",35.715027,139.686823
13,"東京都",22845,"中板橋","なかいたばし","",35.756134,139.694710
13,"東京都",22846,"仲御徒町","なかおかちまち","",35.706640,139.776121
13,"東京都",22847,"中神","なかがみ","",35.709050,139.375821
13,"東京都",22848,"中河原","なかがわら","",35.659529,139.457567
13,"東京都",22849,"中野","なかの","東京都",35.705805,139.665964
13,"東京都",22850,"中野坂上","なかのさかうえ","",35.697113,139.682630
13,"東京都",22851,"中野新橋","なかのしんばし","",35.692252,139.674020
13,"東京都",22852,"中野富士見町","なかのふじみちょう","",35.690585,139.667215
13,"東京都",22853,"中延","なかのぶ","",35.605706,139.712714
13,"東京都",22854,"中村橋","なかむらばし","",35.736802,139.637798
13,"東京都",22855,"中目黒","なかめぐろ","",35.644284,139.698881
13,"東京都",22856,"永田町","ながたちょう","",35.678421,139.739071
13,"東京都",22857,"長沼","ながぬま","東京都",35.642807,139.366214
13,"東京都",22858,"長原","ながはら","東京都",35.602262,139.697799
13,"東京都",22860,"成増","なります","",35.777575,139.632935
13,"東京都",22861,"成瀬","なるせ","",35.535348,139.472794
13,"東京都",22863,"西新井","にしあらい","",35.777217,139.790451
13,"東京都",29624,"西新井大師西","にしあらいだいしにし","",35.781550,139.770119
13,"東京都",22864,"西永福","にしえいふく","",35.678780,139.635384
13,"東京都",22865,"西大井","にしおおい","",35.601789,139.721825
13,"東京都",22866,"西大島","にしおおじま","",35.689310,139.826285
13,"東京都",22867,"西荻窪","にしおぎくぼ","",35.703777,139.599636
13,"東京都",22868,"西葛西","にしかさい","",35.664424,139.859756
13,"東京都",22869,"西ケ原","にしがはら","",35.745663,139.742428
13,"東京都",22870,"西ケ原四丁目","にしがはらよんちょうめ","",35.744608,139.732902
13,"東京都",22871,"西国立","にしくにたち","",35.693469,139.424235
13,"東京都",22872,"西国分寺","にしこくぶんじ","",35.699775,139.465704
13,"東京都",22873,"西小山","にしこやま","",35.615676,139.698883
13,"東京都",29085,"西新宿","にししんじゅく","",35.694446,139.692573
13,"東京都",29214,"西新宿五丁目","にししんじゅくごちょうめ","",35.689613,139.684019
13,"東京都",22874,"西巣鴨","にしすがも","",35.743414,139.728818
13,"東京都",22875,"西太子堂","にしたいしどう","",35.644645,139.666245
13,"東京都",22876,"西高島平","にしたかしまだいら","",35.791990,139.645906
13,"東京都",22877,"西立川","にしたちかわ","",35.703578,139.393681
13,"東京都",22878,"西台","にしだい","",35.786908,139.673543
13,"東京都",22879,"西調布","にしちょうふ","",35.657058,139.530088
13,"東京都",22880,"西日暮里","にしにっぽり","",35.732110,139.766788
13,"東京都",29617,"西日暮里","にしにっぽり","舎人ライナー",35.733777,139.768177
13,"東京都",22881,"西八王子","にしはちおうじ","",35.656498,139.312440
13,"東京都",29639,"西府","にしふ","",35.671000,139.457372
13,"東京都",22882,"西馬込","にしまごめ","",35.587264,139.706327
13,"東京都",29636,"西早稲田","にしわせだ","",35.707390,139.709016
13,"東京都",22883,"二重橋前","にじゅうばしまえ","",35.680421,139.761624
13,"東京都",22862,"日暮里","にっぽり","",35.728083,139.770704
13,"東京都",29616,"日暮里","にっぽり","舎人ライナー",35.728777,139.771232
13,"東京都",22884,"日本橋","にほんばし","東京都",35.681838,139.774568
13,"東京都",22885,"人形町","にんぎょうちょう","",35.686365,139.782233
13,"東京都",22886,"沼袋","ぬまぶくろ","",35.719443,139.663852
13,"東京都",22887,"沼部","ぬまべ","",35.582791,139.673108
13,"東京都",22888,"根津","ねづ","",35.717417,139.765650
13,"東京都",22889,"練馬","ねりま","",35.737858,139.654491
13,"東京都",22890,"練馬春日町","ねりまかすがちょう","",35.751355,139.640242
13,"東京都",22891,"練馬高野台","ねりまたかのだい","",35.740579,139.616939
13,"東京都",22892,"野方","のがた","",35.719720,139.653048
13,"東京都",22893,"乃木坂","のぎざか","",35.666394,139.726239
13,"東京都",22895,"拝島","はいじま","",35.721132,139.343657
13,"東京都",22896,"萩山","はぎやま","",35.740409,139.477450
13,"東京都",22897,"白山","はくさん","東京都",35.721360,139.752095
13,"東京都",22899,"箱根ケ崎","はこねがさき","",35.771376,139.346709
13,"東京都",22900,"狭間","はざま","",35.640556,139.293331
13,"東京都",22901,"蓮沼","はすぬま","",35.564349,139.708467
13,"東京都",22902,"蓮根","はすね","",35.784048,139.679015
13,"東京都",22903,"幡ケ谷","はたがや","",35.677115,139.676520
13,"東京都",22904,"旗の台","はたのだい","",35.604817,139.702521
13,"東京都",22905,"八王子","はちおうじ","",35.655639,139.338966
13,"東京都",29177,"八王子みなみ野","はちおうじみなみの","",35.631363,139.330967
13,"東京都",22906,"八幡山","はちまんやま","",35.669892,139.615748
13,"東京都",22894,"八丁堀","はっちょうぼり","東京都",35.674588,139.777706
13,"東京都",22907,"初台","はつだい","",35.681281,139.686519
13,"東京都",22908,"鳩ノ巣","はとのす","",35.814923,139.128754
13,"東京都",22909,"花小金井","はなこがねい","",35.726106,139.513226
13,"東京都",29672,"羽田空港国際線ターミナル","はねだくうこうこくさいせんたーみなる","京急",35.544908,139.767908
13,"東京都",29671,"羽田空港国際線ビル","はねだくうこうこくさいせんびる","東京モノレール",35.544353,139.768186
13,"東京都",22911,"羽田空港国内線ターミナル","はねだくうこうこくないせんたーみなる","京急",35.549908,139.786239
13,"東京都",29509,"羽田空港第１ビル","はねだくうこうだいいちびる","東京モノレール・ＪＡＬ利用",35.549075,139.784851
13,"東京都",29510,"羽田空港第２ビル","はねだくうこうだいにびる","東京モノレール・ＡＮＡ利用",35.550741,139.788184
13,"東京都",22912,"浜田山","はまだやま","",35.681613,139.627524
13,"東京都",22913,"浜町","はまちょう","",35.688560,139.787816
13,"東京都",22914,"浜松町","はままつちょう","",35.655452,139.757070
13,"東京都",22915,"羽村","はむら","",35.758432,139.315935
13,"東京都",22916,"原宿","はらじゅく","",35.671282,139.702907
13,"東京都",22917,"半蔵門","はんぞうもん","",35.685365,139.741736
13,"東京都",22918,"馬喰町","ばくろちょう","",35.693392,139.782483
13,"東京都",22919,"馬喰横山","ばくろよこやま","",35.692058,139.782733
13,"東京都",22920,"光が丘","ひかりがおか","",35.758494,139.628465
13,"東京都",22921,"氷川台","ひかわだい","",35.749634,139.665462
13,"東京都",22922,"東秋留","ひがしあきる","",35.725908,139.310909
13,"東京都",22923,"東あずま","ひがしあずま","",35.707058,139.831923
13,"東京都",22924,"東池袋","ひがしいけぶくろ","",35.725860,139.718986
13,"東京都",22925,"東池袋四丁目","ひがしいけぶくろよんちょうめ","",35.725444,139.720403
13,"東京都",22926,"東青梅","ひがしおうめ","",35.789900,139.272326
13,"東京都",22927,"東大島","ひがしおおじま","",35.689755,139.847172
13,"東京都",22928,"東尾久三丁目","ひがしおぐさんちょうめ","",35.745442,139.774009
13,"東京都",22929,"東北沢","ひがしきたざわ","",35.665504,139.672993
13,"東京都",22930,"東銀座","ひがしぎんざ","",35.669617,139.767069
13,"東京都",22931,"東久留米","ひがしくるめ","",35.760298,139.533945
13,"東京都",22932,"東高円寺","ひがしこうえんじ","",35.697917,139.658298
13,"東京都",22933,"東小金井","ひがしこがねい","",35.701554,139.523754
13,"東京都",29331,"東新宿","ひがししんじゅく","",35.698780,139.707628
13,"東京都",22934,"東十条","ひがしじゅうじょう","",35.762940,139.727706
13,"東京都",22935,"東中神","ひがしなかがみ","",35.706356,139.384487
13,"東京都",22936,"東中野","ひがしなかの","",35.706278,139.683602
13,"東京都",22937,"東長崎","ひがしながさき","",35.730192,139.683017
13,"東京都",22938,"東日本橋","ひがしにほんばし","",35.692170,139.784844
13,"東京都",22940,"東伏見","ひがしふしみ","",35.728662,139.564222
13,"東京都",22941,"東府中","ひがしふちゅう","",35.669029,139.495229
13,"東京都",22939,"東福生","ひがしふっさ","",35.745823,139.335878
13,"東京都",22942,"東松原","ひがしまつばら","",35.662643,139.655661
13,"東京都",22943,"東向島","ひがしむこうじま","",35.725029,139.819423
13,"東京都",22944,"東村山","ひがしむらやま","",35.760491,139.465840
13,"東京都",22945,"東大和市","ひがしやまとし","",35.732938,139.434510
13,"東京都",22946,"曳舟","ひきふね","",35.718363,139.816701
13,"東京都",22947,"一橋学園","ひとつばしがくえん","",35.722245,139.480089
13,"東京都",22948,"日向和田","ひなたわだ","",35.787928,139.230025
13,"東京都",22949,"日野","ひの","東京都",35.679248,139.393987
13,"東京都",29052,"日の出","ひので","東京都",35.649064,139.759015
13,"東京都",22950,"ひばりケ丘","ひばりがおか","東京都",35.751576,139.545527
13,"東京都",22951,"日比谷","ひびや","",35.675172,139.759847
13,"東京都",22952,"平井","ひらい","東京都",35.706447,139.842755
13,"東京都",22953,"平山城址公園","ひらやまじょうしこうえん","",35.647529,139.380352
13,"東京都",22954,"広尾","ひろお","",35.651257,139.722268
13,"東京都",22956,"富士見ケ丘","ふじみがおか","",35.684834,139.607081
13,"東京都",22957,"富士見台","ふじみだい","",35.735913,139.629994
13,"東京都",22958,"二子玉川","ふたこたまがわ","",35.612009,139.627277
13,"東京都",22959,"二俣尾","ふたまたお","",35.804454,139.215636
13,"東京都",22960,"布田","ふだ","",35.649865,139.551865
13,"東京都",22961,"府中","ふちゅう","東京都",35.672222,139.480453
13,"東京都",22962,"府中競馬正門前","ふちゅうけいばせいもんまえ","",35.668334,139.485148
13,"東京都",22963,"府中本町","ふちゅうほんまち","",35.666195,139.477204
13,"東京都",22955,"福生","ふっさ","",35.742351,139.327962
13,"東京都",22964,"不動前","ふどうまえ","",35.625675,139.713436
13,"東京都",22965,"船堀","ふなぼり","",35.683727,139.863727
13,"東京都",29056,"船の科学館","ふねのかがくかん","",35.621316,139.773209
13,"東京都",22966,"分倍河原","ぶばいがわら","",35.668556,139.468732
13,"東京都",22967,"平和島","へいわじま","",35.578793,139.734964
13,"東京都",22968,"平和台","へいわだい","東京都",35.757688,139.654379
13,"東京都",22969,"方南町","ほうなんちょう","",35.683446,139.657494
13,"東京都",22970,"保谷","ほうや","",35.748327,139.567554
13,"東京都",29298,"程久保","ほどくぼ","",35.655446,139.410988
13,"東京都",22971,"堀切","ほりきり","",35.742943,139.817756
13,"東京都",22972,"堀切菖蒲園","ほりきりしょうぶえん","",35.747637,139.827532
13,"東京都",29074,"本駒込","ほんこまごめ","",35.724527,139.753761
13,"東京都",22973,"本郷三丁目","ほんごうさんちょうめ","",35.707113,139.759984
13,"東京都",22974,"本所吾妻橋","ほんじょあづまばし","",35.708502,139.804313
13,"東京都",22975,"馬込","まごめ","",35.596485,139.711771
13,"東京都",22976,"町田","まちだ","",35.542403,139.445157
13,"東京都",22977,"町屋","まちや","京成線",35.742248,139.781452
13,"東京都",22978,"町屋","まちや","東京メトロ",35.741804,139.779898
13,"東京都",22979,"町屋駅前","まちやえきまえ","",35.742943,139.780675
13,"東京都",22980,"町屋二丁目","まちやにちょうめ","",35.743776,139.776787
13,"東京都",29295,"松が谷","まつがや","",35.631837,139.422099
13,"東京都",22981,"松原","まつばら","東京都",35.660033,139.642023
13,"東京都",29299,"万願寺","まんがんじ","",35.671000,139.420153
13,"東京都",22983,"三河島","みかわしま","",35.733304,139.777676
13,"東京都",22984,"瑞江","みずえ","",35.693506,139.897890
13,"東京都",22985,"三田","みた","東京都",35.647675,139.748460
13,"東京都",22986,"三鷹","みたか","",35.702665,139.560696
13,"東京都",22987,"三鷹台","みたかだい","",35.692222,139.588915
13,"東京都",22988,"御嶽","みたけ","",35.801425,139.182916
13,"東京都",29739,"御岳山","みたけさん","",35.789593,139.153475
13,"東京都",22989,"三越前","みつこしまえ","",35.685449,139.773456
13,"東京都",22990,"緑が丘","みどりがおか","東京都",35.606455,139.679162
13,"東京都",22991,"南阿佐ケ谷","みなみあさがや","",35.699444,139.635606
13,"東京都",22992,"南大沢","みなみおおさわ","",35.614116,139.380076
13,"東京都",22993,"南新宿","みなみしんじゅく","",35.683447,139.698545
13,"東京都",22994,"南砂町","みなみすなまち","",35.668785,139.830675
13,"東京都",22995,"南千住","みなみせんじゅ","",35.732944,139.799008
13,"東京都",22996,"南多摩","みなみたま","",35.649280,139.489898
13,"東京都",22997,"南平","みなみだいら","",35.654556,139.392017
13,"東京都",22998,"南町田","みなみまちだ","",35.511378,139.470767
13,"東京都",29628,"見沼代親水公園","みぬまだいしんすいこうえん","",35.814602,139.770673
13,"東京都",22999,"三ノ輪","みのわ","",35.729360,139.791231
13,"東京都",23000,"三ノ輪橋","みのわばし","",35.732193,139.791397
13,"東京都",23001,"宮の坂","みやのさか","",35.647812,139.644968
13,"東京都",23002,"宮ノ平","みやのひら","",35.787345,139.236885
13,"東京都",23003,"宮ノ前","みやのまえ","",35.750164,139.765121
13,"東京都",22982,"茗荷谷","みょうがだに","",35.716805,139.737235
13,"東京都",23004,"向原","むこうはら","東京都",35.729054,139.725125
13,"東京都",23005,"武蔵五日市","むさしいつかいち","",35.732240,139.228083
13,"東京都",23006,"武蔵小金井","むさしこがねい","",35.701109,139.506338
13,"東京都",23007,"武蔵小山","むさしこやま","",35.620398,139.704409
13,"東京都",23008,"武蔵境","むさしさかい","",35.701998,139.543947
13,"東京都",23009,"武蔵砂川","むさしすながわ","",35.729020,139.392236
13,"東京都",23010,"武蔵関","むさしせき","",35.727524,139.576887
13,"東京都",23011,"武蔵新田","むさしにった","",35.567960,139.692162
13,"東京都",23012,"武蔵野台","むさしのだい","",35.664196,139.511118
13,"東京都",23013,"武蔵引田","むさしひきだ","",35.729768,139.270245
13,"東京都",23014,"武蔵増戸","むさしますこ","",35.730852,139.255914
13,"東京都",23015,"武蔵大和","むさしやまと","",35.756185,139.444175
13,"東京都",23016,"明治神宮前","めいじじんぐうまえ","",35.668505,139.705130
13,"東京都",23017,"明大前","めいだいまえ","",35.668365,139.650412
13,"東京都",23018,"目黒","めぐろ","",35.633509,139.715686
13,"東京都",23019,"目白","めじろ","",35.721194,139.706598
13,"東京都",23020,"めじろ台","めじろだい","",35.643362,139.307719
13,"東京都",23021,"百草園","もぐさえん","",35.657501,139.430847
13,"東京都",23022,"本蓮沼","もとはすぬま","",35.768799,139.702209
13,"東京都",23023,"森下","もりした","東京都",35.687976,139.798148
13,"東京都",23024,"門前仲町","もんぜんなかちょう","",35.672395,139.795122
13,"東京都",23025,"矢川","やがわ","",35.684970,139.431957
13,"東京都",23027,"矢口渡","やぐちのわたし","",35.562599,139.699940
13,"東京都",23028,"八坂","やさか","",35.745131,139.467450
13,"東京都",29625,"谷在家","やざいけ","",35.788771,139.770119
13,"東京都",23029,"矢野口","やのくち","",35.641671,139.520451
13,"東京都",23030,"八広","やひろ","",35.727223,139.828283
13,"東京都",23031,"谷保","やほ","",35.681416,139.446734
13,"東京都",23032,"山下","やました","東京都",35.653894,139.646579
13,"東京都",23033,"山田","やまだ","東京都",35.644334,139.321135
13,"東京都",23035,"祐天寺","ゆうてんじ","",35.637618,139.691048
13,"東京都",23036,"有楽町","ゆうらくちょう","",35.675450,139.762624
13,"東京都",23037,"雪が谷大塚","ゆきがやおおつか","",35.591985,139.680996
13,"東京都",23038,"湯島","ゆしま","",35.706862,139.769900
13,"東京都",23039,"用賀","ようが","",35.626507,139.634026
13,"東京都",23040,"四ツ木","よつぎ","",35.731889,139.834977
13,"東京都",23041,"四ツ谷","よつや","",35.686004,139.730654
13,"東京都",23042,"四谷三丁目","よつやさんちょうめ","",35.687809,139.719683
13,"東京都",23043,"代々木","よよぎ","",35.683058,139.702045
13,"東京都",23044,"代々木上原","よよぎうえはら","",35.669060,139.679687
13,"東京都",23045,"代々木公園","よよぎこうえん","",35.669060,139.689853
13,"東京都",23046,"代々木八幡","よよぎはちまん","",35.669477,139.688603
13,"東京都",23047,"流通センター","りゅうつうせんたー","",35.581293,139.749297
13,"東京都",23048,"両国","りょうごく","",35.696114,139.792537
13,"東京都",29337,"両国","りょうごく","都営線",35.696837,139.797343
13,"東京都",23050,"芦花公園","ろかこうえん","",35.670586,139.608749
13,"東京都",23051,"六郷土手","ろくごうどて","",35.540684,139.707801
13,"東京都",29399,"六町","ろくちょう","",35.784606,139.821781
13,"東京都",23049,"六本木","ろっぽんぎ","",35.663367,139.731794
13,"東京都",29324,"六本木一丁目","ろっぽんぎいっちょうめ","",35.665173,139.739016
13,"東京都",23052,"若林","わかばやし","東京都",35.645978,139.659912
13,"東京都",29332,"若松河田","わかまつかわだ","",35.699057,139.717905
13,"東京都",23053,"早稲田","わせだ","東京メトロ",35.705667,139.722237
13,"東京都",23054,"早稲田","わせだ","都電荒川線",35.711834,139.718959
